Algorithm,Train time [s],Prediction time [s]
FPGA,3.708778269767761,0.09994379425048824
ARM,68.09596792912818,0.9150893825980396
